Frames,Image_Timestamp,Pose_Timestamp,x0,y0,z0,x1,y1,z1,x2,y2,z2,x3,y3,z3,x4,y4,z4,x5,y5,z5,x6,y6,z6,x7,y7,z7,x8,y8,z8,x9,y9,z9,x10,y10,z10,x11,y11,z11,x12,y12,z12,x13,y13,z13,x14,y14,z14,x15,y15,z15,x16,y16,z16,x17,y17,z17,x18,y18,z18,x19,y19,z19,x20,y20,z20,x21,y21,z21,x22,y22,z22,x23,y23,z23,x24,y24,z24,x25,y25,z25,x26,y26,z26,x27,y27,z27,x28,y28,z28,x29,y29,z29,x30,y30,z30,x31,y31,z31,x32,y32,z32
1.0,0.06511712074279785,0.12730050086975098,823.0,182.0,-0.2764708697795868,837.0,166.0,-0.26467663049697876,844.0,167.0,-0.2646794021129608,852.0,169.0,-0.2646592855453491,818.0,165.0,-0.26218876242637634,814.0,165.0,-0.2621975839138031,810.0,165.0,-0.26221901178359985,864.0,182.0,-0.17641140520572662,809.0,178.0,-0.1679580956697464,837.0,203.0,-0.2427298128604889,814.0,201.0,-0.24020543694496155,921.0,293.0,-0.11099306493997574,755.0,280.0,-0.09686475247144699,953.0,411.0,-0.06319931149482727,714.0,396.0,-0.05596547946333885,953.0,530.0,-0.1273602694272995,712.0,510.0,-0.12743262946605682,959.0,568.0,-0.14918573200702667,706.0,545.0,-0.1496386080980301,946.0,567.0,-0.17794929444789886,724.0,543.0,-0.17671974003314972,941.0,555.0,-0.13853077590465546,730.0,531.0,-0.13934367895126343,873.0,534.0,0.0018972045509144664,779.0,530.0,-0.00196266220882535,847.0,707.0,0.05885325372219086,776.0,707.0,0.0008827860001474619,838.0,854.0,0.20838375389575958,772.0,876.0,0.11011252552270889,825.0,876.0,0.2167392373085022,782.0,895.0,0.11379078775644302,869.0,902.0,0.12093635648488998,743.0,937.0,0.004000396933406591
2.0,0.13582634925842285,0.1715843677520752,823.0,184.0,-0.3055729269981384,836.0,169.0,-0.29456833004951477,843.0,170.0,-0.2945615351200104,851.0,171.0,-0.29454538226127625,817.0,169.0,-0.290682852268219,813.0,169.0,-0.29071420431137085,810.0,169.0,-0.2907538115978241,864.0,183.0,-0.2014874666929245,809.0,179.0,-0.18630562722682953,837.0,205.0,-0.26945313811302185,814.0,204.0,-0.264974981546402,923.0,293.0,-0.12202420085668564,755.0,280.0,-0.10940159857273102,952.0,414.0,-0.07341355830430984,715.0,398.0,-0.06285271048545837,954.0,533.0,-0.1551022231578827,712.0,511.0,-0.13932426273822784,959.0,569.0,-0.17978957295417786,707.0,548.0,-0.16385698318481445,945.0,569.0,-0.2143280953168869,724.0,545.0,-0.19266563653945923,941.0,558.0,-0.16901256144046783,729.0,534.0,-0.15198661386966705,873.0,537.0,0.0036378747317939997,779.0,533.0,-0.0036728500854223967,847.0,709.0,0.062402207404375076,776.0,710.0,-0.007433430757373571,835.0,854.0,0.23048090934753418,772.0,878.0,0.10970816016197205,824.0,875.0,0.240529403090477,781.0,899.0,0.11351034790277481,869.0,901.0,0.1373208910226822,745.0,939.0,-0.004986030515283346
3.0,0.18015646934509277,0.21781206130981445,822.0,185.0,-0.3095788061618805,835.0,170.0,-0.2976478338241577,843.0,171.0,-0.29764285683631897,850.0,172.0,-0.2976284921169281,817.0,170.0,-0.2944333255290985,813.0,170.0,-0.29446539282798767,809.0,170.0,-0.29450684785842896,863.0,183.0,-0.2005099356174469,809.0,180.0,-0.18780513107776642,837.0,206.0,-0.2718144655227661,813.0,205.0,-0.26813167333602905,923.0,293.0,-0.12012355029582977,755.0,280.0,-0.10862958431243896,952.0,415.0,-0.07165441662073135,715.0,400.0,-0.06257855147123337,954.0,533.0,-0.15626047551631927,712.0,512.0,-0.13826759159564972,959.0,569.0,-0.1822168081998825,707.0,549.0,-0.16349104046821594,944.0,569.0,-0.21729610860347748,723.0,546.0,-0.19323399662971497,940.0,559.0,-0.17058484256267548,728.0,536.0,-0.15122218430042267,873.0,538.0,0.004605560563504696,779.0,535.0,-0.004625155124813318,848.0,711.0,0.05442634969949722,775.0,713.0,-0.010660571046173573,834.0,855.0,0.22508342564105988,772.0,885.0,0.11421374976634979,823.0,877.0,0.23487479984760284,781.0,909.0,0.11874966323375702,867.0,902.0,0.13511420786380768,748.0,947.0,-0.003857008647173643
4.0,0.2266864776611328,0.2627592086791992,822.0,187.0,-0.30666956305503845,835.0,172.0,-0.29383283853530884,843.0,173.0,-0.2938328981399536,850.0,174.0,-0.29381880164146423,817.0,172.0,-0.29202577471733093,812.0,172.0,-0.29205527901649475,809.0,173.0,-0.29209691286087036,863.0,185.0,-0.1951850801706314,808.0,181.0,-0.18715476989746094,837.0,208.0,-0.2677311599254608,813.0,207.0,-0.2659153938293457,923.0,293.0,-0.10912493616342545,754.0,280.0,-0.1097945123910904,951.0,416.0,-0.0539700873196125,715.0,403.0,-0.06481541693210602,954.0,537.0,-0.1468069851398468,712.0,516.0,-0.14348961412906647,958.0,572.0,-0.17361988127231598,707.0,554.0,-0.16945023834705353,944.0,572.0,-0.2091723084449768,722.0,552.0,-0.19956058263778687,940.0,562.0,-0.1673700213432312,727.0,542.0,-0.15662142634391785,872.0,540.0,0.0070345099084079266,779.0,538.0,-0.007037573494017124,847.0,715.0,0.06962724775075912,775.0,716.0,-0.013619866222143173,833.0,859.0,0.23026281595230103,773.0,893.0,0.1025620549917221,823.0,884.0,0.2390884906053543,781.0,920.0,0.10566823184490204,865.0,903.0,0.13364268839359283,751.0,953.0,-0.021038508042693138
5.0,0.2713203430175781,0.30711960792541504,820.0,189.0,-0.3113902509212494,833.0,174.0,-0.2987760305404663,840.0,175.0,-0.298774778842926,847.0,175.0,-0.29876232147216797,815.0,174.0,-0.29650336503982544,811.0,174.0,-0.29653647541999817,807.0,174.0,-0.2965826392173767,861.0,187.0,-0.19883354008197784,806.0,183.0,-0.1906455010175705,834.0,209.0,-0.27244406938552856,812.0,208.0,-0.2702001631259918,922.0,294.0,-0.10921407490968704,753.0,282.0,-0.11420442909002304,950.0,417.0,-0.0556243471801281,714.0,407.0,-0.06644193083047867,954.0,539.0,-0.14537358283996582,711.0,522.0,-0.14286313951015472,958.0,574.0,-0.17175361514091492,706.0,560.0,-0.16820618510246277,944.0,575.0,-0.20302928984165192,721.0,557.0,-0.1979050189256668,939.0,564.0,-0.1622769832611084,725.0,548.0,-0.15577125549316406,872.0,543.0,0.009789048694074154,779.0,540.0,-0.0098112178966403,847.0,716.0,0.08472545444965363,776.0,718.0,-0.017961207777261734,833.0,861.0,0.2472173273563385,773.0,898.0,0.09792324155569077,822.0,887.0,0.25637781620025635,781.0,927.0,0.10121161490678787,864.0,905.0,0.14890947937965393,756.0,957.0,-0.02602219395339489
6.0,0.3148074150085449,0.3515448570251465,819.0,189.0,-0.3110194504261017,832.0,174.0,-0.29753953218460083,839.0,175.0,-0.2975359857082367,846.0,176.0,-0.29751458764076233,814.0,174.0,-0.29547449946403503,809.0,174.0,-0.2955053150653839,805.0,174.0,-0.2955440878868103,860.0,187.0,-0.19656182825565338,804.0,183.0,-0.18933306634426117,833.0,210.0,-0.27195215225219727,810.0,208.0,-0.27001625299453735,920.0,294.0,-0.10956467688083649,751.0,284.0,-0.11252129822969437,950.0,418.0,-0.05685962736606598,714.0,410.0,-0.06538110971450806,954.0,541.0,-0.14618301391601562,710.0,524.0,-0.14344069361686707,957.0,576.0,-0.17171718180179596,706.0,561.0,-0.1695338636636734,943.0,576.0,-0.2055668979883194,720.0,559.0,-0.19897788763046265,939.0,566.0,-0.16123813390731812,724.0,549.0,-0.15622158348560333,872.0,544.0,0.010116562247276306,779.0,542.0,-0.01014117244631052,847.0,716.0,0.08526062220335007,776.0,719.0,-0.026192395016551018,833.0,862.0,0.24853558838367462,773.0,900.0,0.0816894918680191,822.0,888.0,0.25774529576301575,781.0,929.0,0.08400937914848328,863.0,906.0,0.15052540600299835,759.0,958.0,-0.044569097459316254
7.0,0.3601233959197998,0.39626121520996094,819.0,189.0,-0.30753371119499207,832.0,174.0,-0.2940109074115753,839.0,175.0,-0.29401037096977234,846.0,175.0,-0.29399070143699646,814.0,174.0,-0.2920536696910858,809.0,174.0,-0.29207977652549744,805.0,174.0,-0.2921172082424164,860.0,187.0,-0.1932276040315628,803.0,183.0,-0.18793104588985443,833.0,210.0,-0.26868173480033875,810.0,208.0,-0.266733318567276,920.0,294.0,-0.10428520292043686,750.0,284.0,-0.11169981956481934,950.0,418.0,-0.053665876388549805,714.0,411.0,-0.0650835856795311,954.0,541.0,-0.14653830230236053,710.0,526.0,-0.1453534960746765,957.0,577.0,-0.1730625331401825,705.0,564.0,-0.17280341684818268,943.0,578.0,-0.20862136781215668,719.0,561.0,-0.20320814847946167,939.0,567.0,-0.16153985261917114,724.0,551.0,-0.1585625261068344,872.0,544.0,0.010447263717651367,779.0,543.0,-0.010464143939316273,847.0,715.0,0.0835946574807167,776.0,720.0,-0.027886830270290375,833.0,861.0,0.2687321603298187,775.0,902.0,0.08104819804430008,823.0,888.0,0.2805407643318176,782.0,930.0,0.08356887847185135,863.0,907.0,0.17538422346115112,762.0,960.0,-0.04570810869336128
8.0,0.4057793617248535,0.44187021255493164,819.0,189.0,-0.31223443150520325,832.0,174.0,-0.29806119203567505,839.0,175.0,-0.29806527495384216,846.0,175.0,-0.2980477511882782,813.0,174.0,-0.2963820695877075,808.0,174.0,-0.296408087015152,804.0,174.0,-0.29644855856895447,860.0,187.0,-0.19377687573432922,802.0,183.0,-0.18892325460910797,833.0,210.0,-0.27194690704345703,810.0,208.0,-0.2704576551914215,919.0,294.0,-0.10505814850330353,749.0,285.0,-0.11294375360012054,950.0,418.0,-0.05483558028936386,713.0,412.0,-0.06869050115346909,955.0,542.0,-0.1519918143749237,710.0,528.0,-0.15431158244609833,957.0,578.0,-0.17994298040866852,705.0,566.0,-0.1829955130815506,943.0,578.0,-0.21505574882030487,719.0,564.0,-0.2135545313358307,939.0,568.0,-0.16674742102622986,724.0,554.0,-0.16758985817432404,873.0,546.0,0.013188255950808525,779.0,545.0,-0.013208982534706593,848.0,716.0,0.10866643488407135,777.0,721.0,-0.04893100634217262,833.0,861.0,0.3195503354072571,777.0,904.0,0.049655571579933167,823.0,887.0,0.33406105637550354,783.0,933.0,0.05145308002829552,863.0,908.0,0.23290371894836426,767.0,962.0,-0.08243031054735184
9.0,0.4514288902282715,0.48661041259765625,819.0,188.0,-0.3266496956348419,831.0,174.0,-0.312237411737442,839.0,174.0,-0.31224092841148376,846.0,175.0,-0.31222817301750183,813.0,173.0,-0.3102789521217346,808.0,174.0,-0.31030622124671936,803.0,174.0,-0.3103419244289398,859.0,187.0,-0.2054845243692398,801.0,183.0,-0.19948048889636993,833.0,210.0,-0.28568723797798157,809.0,208.0,-0.28391650319099426,919.0,294.0,-0.11689860373735428,748.0,286.0,-0.1176028773188591,950.0,418.0,-0.06788256019353867,712.0,413.0,-0.07108263671398163,955.0,543.0,-0.16465507447719574,709.0,530.0,-0.15826614201068878,957.0,578.0,-0.19248796999454498,705.0,569.0,-0.18659716844558716,943.0,579.0,-0.22797179222106934,719.0,567.0,-0.21696241199970245,939.0,569.0,-0.17926864326000214,724.0,556.0,-0.1714547574520111,873.0,546.0,0.012444913387298584,779.0,545.0,-0.01246936246752739,849.0,716.0,0.09739012271165848,777.0,724.0,-0.04259113222360611,833.0,861.0,0.3086530566215515,778.0,906.0,0.061089590191841125,823.0,885.0,0.32339635491371155,785.0,936.0,0.06313497573137283,862.0,908.0,0.22151876986026764,768.0,966.0,-0.07002286612987518
10.0,0.49527454376220703,0.5325963497161865,817.0,187.0,-0.33008164167404175,830.0,173.0,-0.3155401349067688,837.0,173.0,-0.31554460525512695,844.0,174.0,-0.31553542613983154,811.0,172.0,-0.3135142922401428,806.0,173.0,-0.31354597210884094,801.0,173.0,-0.31358352303504944,857.0,186.0,-0.20839224755764008,798.0,182.0,-0.2018573135137558,832.0,209.0,-0.28895634412765503,808.0,208.0,-0.28706854581832886,918.0,293.0,-0.12081412971019745,745.0,286.0,-0.11710052937269211,951.0,417.0,-0.07195936888456345,708.0,414.0,-0.0698481872677803,956.0,542.0,-0.1710250824689865,707.0,529.0,-0.1565268486738205,957.0,578.0,-0.19959555566310883,704.0,569.0,-0.18470434844493866,943.0,579.0,-0.23430757224559784,718.0,566.0,-0.21479731798171997,939.0,569.0,-0.1853192299604416,722.0,556.0,-0.1696169078350067,873.0,546.0,0.012262392789125443,779.0,545.0,-0.012275981716811657,851.0,715.0,0.09313414245843887,777.0,724.0,-0.04129315912723541,833.0,859.0,0.30346453189849854,779.0,906.0,0.06870818883180618,823.0,882.0,0.31915730237960815,786.0,935.0,0.071388840675354,862.0,909.0,0.21672287583351135,770.0,970.0,-0.06120244041085243
11.0,0.5411317348480225,0.5766866207122803,813.0,185.0,-0.33338138461112976,826.0,170.0,-0.3190421760082245,833.0,171.0,-0.31904521584510803,841.0,172.0,-0.31903502345085144,807.0,170.0,-0.31629928946495056,803.0,170.0,-0.3163300156593323,797.0,170.0,-0.3163681924343109,854.0,185.0,-0.2128947228193283,795.0,180.0,-0.2033034712076187,828.0,208.0,-0.29270505905151367,804.0,206.0,-0.28990763425827026,917.0,292.0,-0.12648430466651917,742.0,286.0,-0.1176198348402977,951.0,416.0,-0.07739429175853729,704.0,415.0,-0.0690215677022934,957.0,541.0,-0.17268303036689758,704.0,530.0,-0.15602928400039673,958.0,578.0,-0.20084084570407867,702.0,569.0,-0.18362024426460266,944.0,577.0,-0.23468898236751556,716.0,567.0,-0.21343521773815155,940.0,567.0,-0.1863894909620285,720.0,556.0,-0.16892127692699432,873.0,546.0,0.01206315029412508,779.0,545.0,-0.012082288973033428,853.0,714.0,0.08687953650951385,777.0,725.0,-0.0532541386783123,833.0,856.0,0.3145767152309418,781.0,907.0,0.05288945883512497,823.0,875.0,0.33218759298324585,786.0,934.0,0.05535091459751129,862.0,909.0,0.2337443232536316,777.0,973.0,-0.07974699884653091
12.0,0.584796667098999,0.6220242977142334,811.0,182.0,-0.34422147274017334,823.0,167.0,-0.3300285041332245,831.0,168.0,-0.3300248086452484,839.0,169.0,-0.330013632774353,805.0,167.0,-0.3272811770439148,800.0,167.0,-0.3273172676563263,794.0,167.0,-0.3273572623729706,853.0,182.0,-0.22391696274280548,792.0,178.0,-0.21418382227420807,827.0,206.0,-0.30355510115623474,802.0,204.0,-0.3007597327232361,916.0,291.0,-0.13608460128307343,739.0,287.0,-0.12878718972206116,952.0,416.0,-0.08534219861030579,701.0,418.0,-0.0798153430223465,959.0,541.0,-0.17617888748645782,703.0,534.0,-0.16624361276626587,959.0,578.0,-0.2034711390733719,700.0,574.0,-0.19346846640110016,946.0,577.0,-0.2368738055229187,714.0,570.0,-0.22241060435771942,942.0,567.0,-0.18955065310001373,718.0,559.0,-0.17859964072704315,873.0,546.0,0.011678146198391914,778.0,546.0,-0.011699099093675613,854.0,714.0,0.08555379509925842,777.0,727.0,-0.048934709280729294,833.0,855.0,0.31844136118888855,782.0,909.0,0.061371978372335434,823.0,874.0,0.3358961343765259,787.0,934.0,0.06426109373569489,862.0,909.0,0.237199068069458,779.0,976.0,-0.06856299936771393
13.0,0.6305456161499023,0.6665177345275879,807.0,181.0,-0.3350117802619934,819.0,166.0,-0.3209400773048401,826.0,167.0,-0.3209330141544342,834.0,168.0,-0.32091185450553894,801.0,166.0,-0.3196265399456024,796.0,166.0,-0.31966373324394226,790.0,166.0,-0.3196949064731598,850.0,181.0,-0.21693234145641327,789.0,177.0,-0.20526975393295288,822.0,205.0,-0.295244961977005,798.0,203.0,-0.2951611876487732,915.0,288.0,-0.13141006231307983,737.0,286.0,-0.11342310905456543,952.0,414.0,-0.08141744881868362,700.0,417.0,-0.05771452188491821,961.0,540.0,-0.17002327740192413,702.0,534.0,-0.14637555181980133,962.0,577.0,-0.1970318853855133,698.0,574.0,-0.17295926809310913,950.0,577.0,-0.2310914248228073,712.0,571.0,-0.20393095910549164,945.0,567.0,-0.1836489886045456,716.0,560.0,-0.15971501171588898,873.0,546.0,0.010098764672875404,778.0,546.0,-0.010103246197104454,854.0,715.0,0.060552384704351425,777.0,729.0,-0.048330310732126236,834.0,854.0,0.30529549717903137,782.0,910.0,0.07415325194597244,824.0,873.0,0.3231218755245209,787.0,935.0,0.07818953692913055,862.0,909.0,0.22620195150375366,779.0,977.0,-0.05444208160042763
14.0,0.6770551204681396,0.7241995334625244,806.0,179.0,-0.34698089957237244,818.0,165.0,-0.3334086239337921,826.0,165.0,-0.33340662717819214,833.0,166.0,-0.33339929580688477,800.0,164.0,-0.330496221780777,795.0,164.0,-0.3305262625217438,788.0,164.0,-0.33056414127349854,849.0,179.0,-0.22814664244651794,786.0,174.0,-0.2162889689207077,821.0,203.0,-0.3063618838787079,797.0,201.0,-0.3035130500793457,912.0,287.0,-0.14115415513515472,735.0,286.0,-0.1238781288266182,952.0,413.0,-0.08935213088989258,699.0,418.0,-0.06968533992767334,963.0,539.0,-0.18155500292778015,700.0,537.0,-0.15809069573879242,965.0,577.0,-0.2089327722787857,695.0,575.0,-0.18441453576087952,953.0,576.0,-0.2439272254705429,710.0,574.0,-0.21491648256778717,949.0,566.0,-0.19559071958065033,714.0,562.0,-0.17110329866409302,873.0,546.0,0.007799268234521151,777.0,546.0,-0.0078094396740198135,856.0,714.0,0.06457676738500595,777.0,731.0,-0.04765823110938072,836.0,852.0,0.31709110736846924,783.0,913.0,0.07516977936029434,825.0,872.0,0.33639663457870483,789.0,937.0,0.07904848456382751,862.0,909.0,0.24092057347297668,780.0,978.0,-0.053732458502054214
15.0,0.732710599899292,0.7732155323028564,802.0,177.0,-0.3415120244026184,814.0,162.0,-0.3274129033088684,821.0,162.0,-0.32740285992622375,829.0,163.0,-0.3273763656616211,796.0,161.0,-0.3267124593257904,790.0,161.0,-0.3267480134963989,784.0,161.0,-0.32675835490226746,846.0,175.0,-0.2239653617143631,784.0,171.0,-0.206442192196846,816.0,200.0,-0.3021222651004791,794.0,199.0,-0.302395761013031,911.0,284.0,-0.13878802955150604,733.0,284.0,-0.11649150401353836,952.0,411.0,-0.08402183651924133,696.0,417.0,-0.061721816658973694,965.0,537.0,-0.1807740032672882,698.0,536.0,-0.15009638667106628,968.0,575.0,-0.20543242990970612,692.0,575.0,-0.17682524025440216,956.0,574.0,-0.2382664680480957,708.0,573.0,-0.20907336473464966,951.0,564.0,-0.1933020055294037,713.0,561.0,-0.1639837771654129,873.0,545.0,0.007760335691273212,776.0,546.0,-0.007768571842461824,856.0,715.0,0.04498329386115074,777.0,733.0,-0.038364849984645844,836.0,852.0,0.2945276200771332,784.0,915.0,0.10027976334095001,825.0,872.0,0.3155164420604706,790.0,938.0,0.1057894304394722,863.0,910.0,0.21719908714294434,780.0,981.0,-0.025639686733484268
16.0,0.7817270755767822,0.8193583488464355,798.0,171.0,-0.35068321228027344,810.0,156.0,-0.33792755007743835,818.0,156.0,-0.33792638778686523,826.0,157.0,-0.33792227506637573,792.0,156.0,-0.33460548520088196,787.0,156.0,-0.3346405625343323,781.0,156.0,-0.33467960357666016,843.0,167.0,-0.23410868644714355,781.0,164.0,-0.2185138314962387,812.0,195.0,-0.3103945851325989,790.0,193.0,-0.30687862634658813,909.0,280.0,-0.14557404816150665,730.0,279.0,-0.12731757760047913,952.0,408.0,-0.089678555727005,694.0,412.0,-0.06982920318841934,966.0,533.0,-0.17895174026489258,694.0,536.0,-0.15552590787410736,969.0,573.0,-0.20485614240169525,689.0,574.0,-0.18135519325733185,958.0,571.0,-0.23972469568252563,705.0,572.0,-0.21300266683101654,954.0,561.0,-0.19269849359989166,710.0,561.0,-0.16914735734462738,873.0,542.0,0.006789644248783588,775.0,543.0,-0.006801613140851259,858.0,720.0,0.0456690788269043,777.0,733.0,-0.02712249755859375,837.0,852.0,0.27791473269462585,786.0,914.0,0.11317147314548492,826.0,871.0,0.2955726683139801,792.0,938.0,0.11910831928253174,865.0,910.0,0.1933775395154953,780.0,981.0,-0.0109099131077528
17.0,0.8276410102844238,0.8620634078979492,797.0,161.0,-0.35812875628471375,809.0,145.0,-0.3445196747779846,818.0,145.0,-0.3445311188697815,826.0,146.0,-0.3445434868335724,791.0,144.0,-0.3413783311843872,785.0,144.0,-0.3414025902748108,779.0,145.0,-0.3414432406425476,842.0,157.0,-0.23561078310012817,778.0,155.0,-0.22302661836147308,812.0,185.0,-0.31563445925712585,789.0,184.0,-0.3122154474258423,909.0,273.0,-0.14726415276527405,726.0,271.0,-0.12860900163650513,952.0,404.0,-0.09513755142688751,690.0,405.0,-0.07077023386955261,968.0,527.0,-0.19455496966838837,691.0,531.0,-0.16075988113880157,971.0,568.0,-0.22500571608543396,686.0,571.0,-0.18810731172561646,959.0,566.0,-0.2613345980644226,702.0,569.0,-0.22109273076057434,955.0,556.0,-0.20932537317276,707.0,557.0,-0.17507298290729523,873.0,539.0,0.00540301064029336,774.0,541.0,-0.005388991441577673,862.0,719.0,0.034471649676561356,777.0,732.0,-0.020115667954087257,838.0,849.0,0.30257540941238403,786.0,913.0,0.14221669733524323,827.0,866.0,0.3247697055339813,793.0,937.0,0.15054331719875336,867.0,910.0,0.22695036232471466,779.0,982.0,0.0185984056442976
18.0,0.8712587356567383,0.905393123626709,795.0,154.0,-0.3618038296699524,808.0,137.0,-0.3482808470726013,816.0,137.0,-0.34828758239746094,824.0,138.0,-0.3483024537563324,789.0,136.0,-0.3444075584411621,783.0,137.0,-0.34443581104278564,777.0,138.0,-0.34448564052581787,840.0,150.0,-0.23983533680438995,776.0,149.0,-0.224324032664299,810.0,178.0,-0.31945329904556274,787.0,177.0,-0.3150152266025543,909.0,268.0,-0.15194056928157806,723.0,265.0,-0.12753498554229736,952.0,401.0,-0.09991654008626938,683.0,396.0,-0.06957308202981949,971.0,521.0,-0.20338253676891327,687.0,525.0,-0.16007296741008759,974.0,561.0,-0.23462113738059998,682.0,566.0,-0.1873340606689453,962.0,559.0,-0.2705446481704712,699.0,563.0,-0.22000885009765625,957.0,547.0,-0.21799804270267487,704.0,551.0,-0.17421072721481323,873.0,537.0,0.0017008198192343116,772.0,540.0,-0.001667950302362442,870.0,714.0,0.0012819567928090692,776.0,735.0,-0.022498780861496925,842.0,836.0,0.30978214740753174,786.0,914.0,0.13913680613040924,831.0,850.0,0.3356281518936157,795.0,937.0,0.14793142676353455,870.0,907.0,0.2427310347557068,779.0,984.0,0.013976658694446087
19.0,0.9129095077514648,0.9474618434906006,793.0,149.0,-0.3535395562648773,806.0,132.0,-0.3399505615234375,815.0,132.0,-0.3399586081504822,823.0,133.0,-0.33997055888175964,787.0,131.0,-0.33631467819213867,781.0,132.0,-0.3363420367240906,775.0,133.0,-0.3363886773586273,839.0,144.0,-0.23334984481334686,774.0,143.0,-0.2228311449289322,809.0,173.0,-0.3118034303188324,785.0,172.0,-0.30782434344291687,908.0,263.0,-0.1461305171251297,720.0,259.0,-0.11695440113544464,952.0,395.0,-0.09436523914337158,677.0,389.0,-0.05154237523674965,972.0,511.0,-0.1975947916507721,685.0,517.0,-0.14414389431476593,976.0,552.0,-0.22920571267604828,680.0,559.0,-0.17169667780399323,964.0,550.0,-0.265778124332428,697.0,555.0,-0.20387275516986847,959.0,538.0,-0.21264728903770447,703.0,541.0,-0.1581275761127472,873.0,535.0,0.00016041680646594614,770.0,540.0,-0.00011098983668489382,877.0,710.0,-0.018106894567608833,774.0,737.0,-0.022569851949810982,845.0,826.0,0.31443122029304504,787.0,915.0,0.16436767578125,833.0,837.0,0.34299907088279724,796.0,937.0,0.1757172793149948,870.0,905.0,0.25569775700569153,779.0,984.0,0.045397575944662094
20.0,0.9560022354125977,0.991694450378418,791.0,147.0,-0.35546407103538513,805.0,129.0,-0.34121689200401306,813.0,130.0,-0.34122806787490845,822.0,131.0,-0.3412458598613739,785.0,129.0,-0.3374452590942383,780.0,129.0,-0.33747369050979614,774.0,130.0,-0.3375254273414612,838.0,141.0,-0.23117166757583618,773.0,139.0,-0.218562051653862,808.0,170.0,-0.3123176395893097,784.0,169.0,-0.30792853236198425,907.0,259.0,-0.14350448548793793,717.0,255.0,-0.11598293483257294,951.0,391.0,-0.09348490089178085,674.0,384.0,-0.05047886446118355,974.0,504.0,-0.19258412718772888,685.0,508.0,-0.14407800137996674,979.0,543.0,-0.22304372489452362,679.0,550.0,-0.171780526638031,969.0,542.0,-0.25950342416763306,696.0,546.0,-0.2037316858768463,964.0,529.0,-0.20763464272022247,702.0,531.0,-0.15803274512290955,873.0,533.0,-0.0005155596882104874,768.0,538.0,0.0005655203713104129,888.0,697.0,-0.027807390317320824,770.0,735.0,-0.037540141493082047,848.0,813.0,0.3188875615596771,787.0,915.0,0.16499513387680054,834.0,823.0,0.34872931241989136,796.0,936.0,0.1777363121509552,870.0,899.0,0.2586398720741272,779.0,983.0,0.045142482966184616
21.0,1.000309944152832,1.0379128456115723,792.0,140.0,-0.3592781722545624,806.0,123.0,-0.3431188762187958,814.0,124.0,-0.3431350290775299,822.0,125.0,-0.34315383434295654,785.0,122.0,-0.3406831920146942,780.0,122.0,-0.3407112956047058,774.0,123.0,-0.3407594561576843,838.0,135.0,-0.22939163446426392,772.0,133.0,-0.2181144803762436,809.0,165.0,-0.31413963437080383,784.0,163.0,-0.31137144565582275,906.0,256.0,-0.14185114204883575,714.0,253.0,-0.11616673320531845,950.0,386.0,-0.08580981194972992,673.0,383.0,-0.053009528666734695,974.0,499.0,-0.19382335245609283,684.0,506.0,-0.15070421993732452,981.0,538.0,-0.22582508623600006,678.0,547.0,-0.18104703724384308,970.0,536.0,-0.26317650079727173,695.0,542.0,-0.21397143602371216,965.0,523.0,-0.209553524851799,701.0,528.0,-0.16530336439609528,873.0,532.0,-6.005099930916913e-05,765.0,538.0,0.00010636360093485564,897.0,695.0,-0.03564069792628288,769.0,735.0,-0.04630880802869797,850.0,813.0,0.3172839283943176,787.0,916.0,0.16855518519878387,836.0,824.0,0.34696218371391296,797.0,937.0,0.1819482445716858,871.0,900.0,0.2526327669620514,779.0,983.0,0.04505028948187828
22.0,1.046471118927002,1.089585542678833,793.0,138.0,-0.35672417283058167,806.0,121.0,-0.340580016374588,815.0,122.0,-0.34059759974479675,823.0,123.0,-0.34061458706855774,785.0,120.0,-0.33836302161216736,779.0,121.0,-0.3383925259113312,774.0,121.0,-0.3384461998939514,839.0,133.0,-0.22509513795375824,770.0,132.0,-0.2166559249162674,809.0,164.0,-0.31178009510040283,784.0,161.0,-0.30923718214035034,906.0,256.0,-0.13170765340328217,712.0,252.0,-0.11671654134988785,950.0,387.0,-0.07156116515398026,669.0,382.0,-0.057467084378004074,974.0,500.0,-0.19370777904987335,678.0,505.0,-0.16524936258792877,981.0,538.0,-0.22239382565021515,675.0,545.0,-0.19775789976119995,971.0,535.0,-0.2589009702205658,693.0,539.0,-0.22997210919857025,965.0,522.0,-0.2076023519039154,699.0,525.0,-0.17967340350151062,873.0,534.0,0.00015573907876387239,763.0,542.0,-8.916456863516942e-05,900.0,697.0,-0.011580602265894413,769.0,740.0,-0.03660992532968521,853.0,819.0,0.33785945177078247,788.0,918.0,0.1959526091814041,839.0,831.0,0.3673705756664276,797.0,937.0,0.21046702563762665,874.0,909.0,0.27012568712234497,780.0,985.0,0.07273467630147934
23.0,1.0975961685180664,1.1373212337493896,793.0,138.0,-0.35192516446113586,806.0,120.0,-0.3358849287033081,815.0,121.0,-0.3359007239341736,823.0,121.0,-0.33590447902679443,785.0,120.0,-0.3355526030063629,779.0,121.0,-0.3355768322944641,774.0,121.0,-0.33563441038131714,839.0,131.0,-0.21952934563159943,770.0,132.0,-0.21592006087303162,811.0,162.0,-0.3061414957046509,784.0,161.0,-0.30589839816093445,906.0,255.0,-0.12784619629383087,712.0,250.0,-0.11906950920820236,950.0,386.0,-0.07181118428707123,667.0,380.0,-0.0687694326043129,974.0,499.0,-0.19172336161136627,674.0,503.0,-0.16945108771324158,982.0,538.0,-0.2224804013967514,671.0,542.0,-0.20024938881397247,972.0,534.0,-0.259538859128952,690.0,535.0,-0.2322475016117096,966.0,520.0,-0.20681673288345337,696.0,521.0,-0.18376630544662476,873.0,534.0,0.0009685093536973,762.0,542.0,-0.0008985311142168939,898.0,698.0,-0.004143883939832449,770.0,739.0,-0.025577018037438393,856.0,841.0,0.3008712828159332,789.0,917.0,0.17765527963638306,843.0,854.0,0.3227502703666687,797.0,937.0,0.1893799602985382,878.0,933.0,0.2149360477924347,781.0,986.0,0.05470309779047966
24.0,1.1448628902435303,1.1890325546264648,794.0,138.0,-0.32466715574264526,808.0,120.0,-0.31040334701538086,816.0,120.0,-0.31042057275772095,825.0,120.0,-0.31041255593299866,786.0,120.0,-0.3097764849662781,780.0,121.0,-0.30978304147720337,775.0,122.0,-0.3098214566707611,839.0,130.0,-0.19907602667808533,771.0,132.0,-0.19760625064373016,814.0,162.0,-0.2809791564941406,784.0,162.0,-0.2805803418159485,907.0,254.0,-0.11321906000375748,713.0,248.0,-0.11191942542791367,950.0,386.0,-0.06568554788827896,666.0,378.0,-0.06847508996725082,975.0,498.0,-0.1911924034357071,674.0,503.0,-0.16780410706996918,983.0,537.0,-0.22104454040527344,670.0,543.0,-0.19886240363121033,974.0,533.0,-0.25798478722572327,689.0,536.0,-0.2308148890733719,968.0,519.0,-0.2055238038301468,695.0,522.0,-0.18229413032531738,873.0,535.0,0.0013342318125069141,762.0,543.0,-0.001261262921616435,896.0,704.0,0.03851570934057236,771.0,739.0,0.012357201427221298,857.0,870.0,0.27136147022247314,791.0,917.0,0.20193834602832794,844.0,885.0,0.2864871919155121,798.0,937.0,0.21324464678764343,884.0,951.0,0.17446352541446686,782.0,987.0,0.08718361705541611
25.0,1.2015628814697266,1.2405939102172852,794.0,135.0,-0.28425124287605286,808.0,117.0,-0.27018097043037415,817.0,117.0,-0.27020499110221863,825.0,117.0,-0.2701931893825531,786.0,117.0,-0.2683359980583191,780.0,118.0,-0.2683349847793579,775.0,119.0,-0.2683590352535248,840.0,127.0,-0.16718696057796478,771.0,129.0,-0.16083703935146332,815.0,159.0,-0.2445560097694397,785.0,160.0,-0.24255385994911194,909.0,253.0,-0.09606174379587173,713.0,246.0,-0.08770009875297546,950.0,385.0,-0.058863379061222076,664.0,377.0,-0.0610734261572361,975.0,496.0,-0.18233580887317657,674.0,502.0,-0.1662292182445526,984.0,536.0,-0.21514055132865906,669.0,541.0,-0.19613435864448547,974.0,532.0,-0.24996457993984222,689.0,535.0,-0.2290913462638855,967.0,517.0,-0.19739262759685516,695.0,520.0,-0.18069256842136383,873.0,536.0,0.001408567652106285,762.0,543.0,-0.00132815504912287,895.0,707.0,0.032354120165109634,772.0,739.0,0.018618471920490265,860.0,890.0,0.22767658531665802,791.0,917.0,0.20461294054985046,846.0,908.0,0.24022504687309265,798.0,937.0,0.21629558503627777,890.0,973.0,0.13088589906692505,782.0,988.0,0.09866080433130264
26.0,1.2511396408081055,1.2902100086212158,794.0,133.0,-0.3004305064678192,808.0,114.0,-0.28677406907081604,817.0,114.0,-0.2867879271507263,825.0,114.0,-0.28677302598953247,786.0,115.0,-0.28518977761268616,780.0,116.0,-0.28518807888031006,775.0,117.0,-0.28520965576171875,840.0,123.0,-0.18186943233013153,771.0,126.0,-0.1762504279613495,815.0,156.0,-0.2596309781074524,785.0,158.0,-0.25799885392189026,912.0,249.0,-0.10308656096458435,713.0,243.0,-0.09616446495056152,949.0,384.0,-0.05471644923090935,664.0,377.0,-0.06049341335892677,974.0,497.0,-0.15978960692882538,674.0,502.0,-0.15385179221630096,984.0,538.0,-0.18998047709465027,670.0,542.0,-0.18184742331504822,973.0,533.0,-0.2258293777704239,689.0,535.0,-0.21395187079906464,965.0,519.0,-0.175363227725029,695.0,521.0,-0.1679728776216507,873.0,536.0,0.0018963930197060108,761.0,543.0,-0.0018363342387601733,894.0,718.0,0.02085128054022789,774.0,738.0,0.006152614019811153,867.0,911.0,0.1663307398557663,793.0,918.0,0.17208100855350494,852.0,935.0,0.17315927147865295,800.0,939.0,0.17806333303451538,904.0,991.0,0.05416446551680565,782.0,990.0,0.06878747791051865
27.0,1.2974984645843506,1.3331279754638672,798.0,129.0,-0.3107539415359497,812.0,110.0,-0.29671505093574524,821.0,110.0,-0.2967311441898346,828.0,110.0,-0.29672563076019287,788.0,112.0,-0.293598473072052,782.0,112.0,-0.2936290204524994,776.0,114.0,-0.29368025064468384,843.0,120.0,-0.18989549577236176,771.0,124.0,-0.18465392291545868,819.0,153.0,-0.26935774087905884,788.0,156.0,-0.2662966847419739,915.0,247.0,-0.10787444561719894,713.0,241.0,-0.1081261932849884,949.0,385.0,-0.04971284419298172,664.0,377.0,-0.06980336457490921,970.0,498.0,-0.14560994505882263,675.0,502.0,-0.15538932383060455,981.0,538.0,-0.17390571534633636,670.0,542.0,-0.18295040726661682,970.0,535.0,-0.2098815143108368,689.0,535.0,-0.21631570160388947,962.0,521.0,-0.1613454967737198,695.0,521.0,-0.16988040506839752,874.0,536.0,0.001993526704609394,761.0,543.0,-0.0019293747609481215,893.0,736.0,0.020789820700883865,776.0,738.0,0.014070333912968636,876.0,931.0,0.1728849858045578,795.0,918.0,0.17841146886348724,859.0,954.0,0.1793978363275528,804.0,941.0,0.18615268170833588,912.0,1007.0,0.05500932037830353,781.0,991.0,0.06801986694335938
28.0,1.3416352272033691,1.376152515411377,803.0,127.0,-0.3063182234764099,817.0,107.0,-0.29123905301094055,825.0,107.0,-0.2912589907646179,832.0,107.0,-0.29125654697418213,791.0,109.0,-0.2908390164375305,785.0,109.0,-0.2908385694026947,778.0,111.0,-0.2908589541912079,848.0,118.0,-0.18092435598373413,772.0,121.0,-0.18141481280326843,824.0,151.0,-0.2632106840610504,792.0,153.0,-0.26306650042533875,918.0,246.0,-0.09770587086677551,713.0,239.0,-0.10122943669557571,949.0,385.0,-0.035293031483888626,665.0,377.0,-0.06911320239305496,968.0,501.0,-0.1319631189107895,675.0,502.0,-0.16590885818004608,977.0,543.0,-0.16025136411190033,671.0,543.0,-0.1967359334230423,965.0,538.0,-0.19685716927051544,690.0,536.0,-0.23142388463020325,957.0,524.0,-0.14780622720718384,695.0,522.0,-0.18151868879795074,874.0,538.0,0.0009489905787631869,760.0,544.0,-0.0009438226697966456,893.0,753.0,0.006791338324546814,776.0,743.0,0.024558451026678085,889.0,946.0,0.15308968722820282,797.0,919.0,0.2017337530851364,872.0,970.0,0.15854693949222565,809.0,942.0,0.21124617755413055,913.0,1022.0,0.02379036322236061,781.0,991.0,0.08811262249946594
29.0,1.3850562572479248,1.4206278324127197,807.0,126.0,-0.3118959963321686,822.0,106.0,-0.2966817021369934,830.0,106.0,-0.2966957688331604,837.0,106.0,-0.29668954014778137,796.0,107.0,-0.2985072433948517,788.0,108.0,-0.29849913716316223,781.0,109.0,-0.29849761724472046,853.0,118.0,-0.183973491191864,775.0,119.0,-0.18791833519935608,827.0,150.0,-0.2641831040382385,795.0,152.0,-0.26744788885116577,922.0,246.0,-0.10301864892244339,713.0,237.0,-0.102504201233387,950.0,385.0,-0.037365369498729706,664.0,376.0,-0.06241877004504204,965.0,505.0,-0.13381162285804749,675.0,500.0,-0.15723083913326263,974.0,550.0,-0.16215385496616364,671.0,542.0,-0.18777664005756378,960.0,545.0,-0.19924840331077576,690.0,534.0,-0.22561652958393097,952.0,530.0,-0.1495584100484848,695.0,520.0,-0.17373330891132355,874.0,539.0,-0.000586099864449352,760.0,544.0,0.0005446208524517715,892.0,759.0,-0.0009056367562152445,776.0,745.0,0.029423993080854416,899.0,955.0,0.15364520251750946,797.0,920.0,0.21738658845424652,883.0,979.0,0.15985871851444244,810.0,944.0,0.2281443476676941,916.0,1027.0,0.02116968110203743,780.0,992.0,0.10225444287061691
30.0,1.429412841796875,1.4665839672088623,811.0,126.0,-0.3290571868419647,825.0,105.0,-0.3146813213825226,832.0,105.0,-0.31468790769577026,840.0,106.0,-0.3146858811378479,800.0,107.0,-0.31627246737480164,792.0,108.0,-0.316270649433136,785.0,109.0,-0.3162728548049927,857.0,118.0,-0.2007877081632614,777.0,119.0,-0.2066299170255661,829.0,150.0,-0.28245899081230164,798.0,152.0,-0.2851521670818329,924.0,245.0,-0.11149366945028305,715.0,235.0,-0.11580684036016464,951.0,385.0,-0.04307432100176811,664.0,374.0,-0.06890980899333954,964.0,507.0,-0.13491569459438324,675.0,500.0,-0.16046878695487976,972.0,555.0,-0.16233165562152863,673.0,542.0,-0.1902979463338852,957.0,552.0,-0.1995099037885666,690.0,535.0,-0.228260338306427,950.0,538.0,-0.1504756659269333,695.0,520.0,-0.17720994353294373,874.0,540.0,-0.0010264723096042871,760.0,544.0,0.0009784236317500472,891.0,761.0,-0.004651698749512434,776.0,745.0,0.03972003608942032,908.0,959.0,0.1350765973329544,797.0,920.0,0.22972749173641205,894.0,986.0,0.13936656713485718,811.0,944.0,0.24065569043159485,927.0,1023.0,0.00023641795269213617,779.0,992.0,0.11658909916877747
31.0,1.4753484725952148,1.5118885040283203,815.0,124.0,-0.33673107624053955,829.0,103.0,-0.3228345811367035,837.0,103.0,-0.3228464722633362,845.0,104.0,-0.3228488564491272,804.0,105.0,-0.32419195771217346,795.0,106.0,-0.32419446110725403,788.0,107.0,-0.3242046535015106,862.0,116.0,-0.2093910127878189,781.0,117.0,-0.21514886617660522,833.0,148.0,-0.29082804918289185,803.0,151.0,-0.2930019795894623,927.0,244.0,-0.11794077605009079,718.0,233.0,-0.12163989245891571,952.0,386.0,-0.04557750001549721,665.0,373.0,-0.07046761363744736,964.0,512.0,-0.1346246600151062,675.0,500.0,-0.16007977724075317,970.0,562.0,-0.16129185259342194,674.0,542.0,-0.18880409002304077,956.0,560.0,-0.19871479272842407,690.0,535.0,-0.2273145169019699,949.0,548.0,-0.15019749104976654,695.0,521.0,-0.17700816690921783,875.0,540.0,-0.0020071214530617,759.0,544.0,0.001960547175258398,891.0,759.0,-0.007849643938243389,776.0,746.0,0.047171369194984436,911.0,962.0,0.12195982038974762,797.0,920.0,0.2367282211780548,898.0,990.0,0.12503834068775177,813.0,944.0,0.24768969416618347,930.0,1024.0,-0.014219601638615131,778.0,992.0,0.12550736963748932
32.0,1.5214521884918213,1.5581881999969482,818.0,125.0,-0.37069129943847656,833.0,103.0,-0.35839396715164185,841.0,103.0,-0.358397901058197,849.0,104.0,-0.3584004342556,809.0,105.0,-0.35848844051361084,800.0,105.0,-0.3585014343261719,793.0,107.0,-0.35851457715034485,867.0,117.0,-0.24635861814022064,786.0,116.0,-0.24720540642738342,835.0,149.0,-0.32514435052871704,806.0,151.0,-0.32558202743530273,933.0,243.0,-0.1508556455373764,723.0,231.0,-0.14659243822097778,956.0,386.0,-0.07330823689699173,667.0,373.0,-0.08979523181915283,964.0,520.0,-0.15147346258163452,676.0,500.0,-0.17654471099376678,970.0,569.0,-0.17685167491436005,676.0,543.0,-0.20390434563159943,955.0,568.0,-0.2132188379764557,692.0,536.0,-0.24209950864315033,949.0,555.0,-0.16594235599040985,696.0,521.0,-0.19289566576480865,876.0,540.0,-0.0027248638216406107,759.0,544.0,0.002675604773685336,891.0,757.0,-0.007143282797187567,776.0,745.0,0.0681377574801445,911.0,965.0,0.11786607652902603,797.0,917.0,0.27553442120552063,900.0,995.0,0.12047026306390762,813.0,941.0,0.2886076867580414,929.0,1026.0,-0.01988799497485161,777.0,989.0,0.16943947970867157
33.0,1.567613124847412,1.6082954406738281,825.0,122.0,-0.38257738947868347,839.0,101.0,-0.3693311810493469,848.0,101.0,-0.3693331182003021,856.0,101.0,-0.36934056878089905,816.0,102.0,-0.36979785561561584,807.0,103.0,-0.3698139190673828,799.0,104.0,-0.36982855200767517,872.0,114.0,-0.25245171785354614,792.0,114.0,-0.2542802691459656,841.0,146.0,-0.3354139029979706,812.0,148.0,-0.3360781967639923,938.0,242.0,-0.15092869102954865,727.0,229.0,-0.15601344406604767,960.0,388.0,-0.07166579365730286,671.0,372.0,-0.09736690670251846,965.0,526.0,-0.15598134696483612,676.0,500.0,-0.1858016848564148,969.0,573.0,-0.1816663146018982,678.0,544.0,-0.215098574757576,955.0,572.0,-0.2192460000514984,693.0,536.0,-0.2532755136489868,949.0,560.0,-0.171233132481575,697.0,521.0,-0.20232059061527252,878.0,541.0,-0.002463842276483774,760.0,544.0,0.00241149147041142,890.0,763.0,-0.019225342199206352,777.0,748.0,0.06101071834564209,910.0,967.0,0.12812107801437378,797.0,912.0,0.309946209192276,898.0,993.0,0.1333051472902298,813.0,934.0,0.3278294503688812,928.0,1032.0,-0.013190430589020252,777.0,985.0,0.20690542459487915
34.0,1.620356559753418,1.6670868396759033,833.0,111.0,-0.391383558511734,846.0,92.0,-0.37795260548591614,855.0,92.0,-0.3779484033584595,863.0,93.0,-0.3779508173465729,824.0,93.0,-0.37802305817604065,816.0,93.0,-0.3780432641506195,808.0,94.0,-0.3780628740787506,878.0,105.0,-0.2612417936325073,799.0,105.0,-0.2615709602832794,847.0,136.0,-0.34466418623924255,821.0,137.0,-0.344867080450058,945.0,240.0,-0.16131718456745148,732.0,223.0,-0.16487526893615723,964.0,389.0,-0.08428904414176941,675.0,370.0,-0.10627403110265732,965.0,529.0,-0.17093057930469513,677.0,500.0,-0.19337528944015503,969.0,576.0,-0.19770103693008423,679.0,544.0,-0.2224009782075882,955.0,575.0,-0.23545707762241364,694.0,536.0,-0.2611706852912903,949.0,563.0,-0.18635697662830353,698.0,521.0,-0.21017225086688995,881.0,541.0,-0.0018035458633676171,761.0,543.0,0.0017411141889169812,891.0,763.0,-0.02238505333662033,777.0,748.0,0.0665089413523674,909.0,973.0,0.11821754276752472,798.0,912.0,0.3220776617527008,897.0,1000.0,0.122285857796669,815.0,934.0,0.3401619791984558,933.0,1042.0,-0.02740532159805298,777.0,984.0,0.2184956669807434
35.0,1.6821467876434326,1.7890801429748535,838.0,102.0,-0.401003360748291,851.0,82.0,-0.3880614936351776,860.0,83.0,-0.3880558907985687,868.0,84.0,-0.38806116580963135,829.0,83.0,-0.38646501302719116,821.0,84.0,-0.3864929974079132,813.0,86.0,-0.38651910424232483,884.0,97.0,-0.27327919006347656,805.0,97.0,-0.26499539613723755,852.0,127.0,-0.35492098331451416,826.0,128.0,-0.35267454385757446,952.0,236.0,-0.1736961454153061,738.0,216.0,-0.16716906428337097,967.0,390.0,-0.10018035769462585,679.0,365.0,-0.10528551042079926,966.0,535.0,-0.18734286725521088,679.0,499.0,-0.1946917623281479,969.0,582.0,-0.21548126637935638,681.0,543.0,-0.2241268903017044,954.0,580.0,-0.2519265115261078,696.0,536.0,-0.26356393098831177,949.0,568.0,-0.20242878794670105,700.0,521.0,-0.2118203490972519,884.0,541.0,-0.003266089828684926,762.0,539.0,0.003197361947968602,892.0,762.0,-0.030547546222805977,778.0,747.0,0.08320315927267075,911.0,974.0,0.11271699517965317,801.0,912.0,0.35763877630233765,899.0,1000.0,0.11673875153064728,819.0,934.0,0.37785255908966064,934.0,1046.0,-0.03943127393722534,777.0,984.0,0.2553057372570038
36.0,1.7971174716949463,1.8572864532470703,843.0,97.0,-0.4070839583873749,857.0,78.0,-0.39435526728630066,865.0,78.0,-0.39435651898384094,874.0,80.0,-0.39436790347099304,835.0,79.0,-0.39355260133743286,827.0,79.0,-0.39357706904411316,819.0,80.0,-0.3936077952384949,889.0,92.0,-0.27548378705978394,812.0,90.0,-0.27032312750816345,857.0,122.0,-0.35869595408439636,831.0,122.0,-0.357394278049469,956.0,229.0,-0.17186228930950165,742.0,209.0,-0.1651516854763031,971.0,388.0,-0.09565199166536331,685.0,360.0,-0.09988263994455338,969.0,534.0,-0.19344867765903473,681.0,497.0,-0.19175294041633606,970.0,580.0,-0.22406016290187836,682.0,543.0,-0.22195373475551605,956.0,579.0,-0.2634570002555847,697.0,536.0,-0.26366502046585083,952.0,566.0,-0.21000176668167114,701.0,521.0,-0.20968513190746307,890.0,537.0,-0.00500439153984189,766.0,534.0,0.004948206711560488,892.0,760.0,-0.03780157491564751,779.0,746.0,0.08917441964149475,911.0,979.0,0.11171461641788483,804.0,910.0,0.38321784138679504,899.0,1006.0,0.11633934825658798,821.0,932.0,0.40544646978378296,932.0,1054.0,-0.04423057660460472,777.0,984.0,0.2835763692855835
37.0,1.867814302444458,1.9175901412963867,847.0,92.0,-0.4016128480434418,862.0,72.0,-0.38839709758758545,871.0,73.0,-0.38840562105178833,879.0,74.0,-0.388420045375824,839.0,73.0,-0.38708531856536865,831.0,74.0,-0.3871096670627594,823.0,75.0,-0.38713982701301575,895.0,86.0,-0.2696974575519562,815.0,85.0,-0.2621927559375763,862.0,118.0,-0.3535918593406677,835.0,118.0,-0.35151439905166626,961.0,223.0,-0.1677951067686081,745.0,204.0,-0.15930622816085815,979.0,386.0,-0.09616263955831528,687.0,357.0,-0.09665980190038681,974.0,532.0,-0.19813404977321625,681.0,495.0,-0.1919218748807907,973.0,582.0,-0.22944751381874084,682.0,543.0,-0.22304067015647888,958.0,582.0,-0.2674749195575714,697.0,536.0,-0.2642905116081238,954.0,568.0,-0.21436220407485962,701.0,520.0,-0.20981980860233307,895.0,536.0,-0.007135825697332621,769.0,533.0,0.00709621561691165,895.0,762.0,-0.05753834918141365,780.0,750.0,0.09986381232738495,911.0,985.0,0.08710338920354843,805.0,909.0,0.41619983315467834,899.0,1011.0,0.09116845577955246,823.0,931.0,0.441171795129776,932.0,1061.0,-0.07106242328882217,774.0,986.0,0.32731714844703674
38.0,1.9316449165344238,1.9822981357574463,854.0,88.0,-0.387883722782135,868.0,68.0,-0.373447448015213,877.0,69.0,-0.3735100328922272,886.0,70.0,-0.37355154752731323,846.0,69.0,-0.3716248869895935,837.0,69.0,-0.3716137111186981,829.0,69.0,-0.3716728091239929,901.0,81.0,-0.24670812487602234,820.0,79.0,-0.23757585883140564,868.0,115.0,-0.3354104459285736,841.0,114.0,-0.33243054151535034,966.0,219.0,-0.1415252983570099,749.0,197.0,-0.1372857540845871,985.0,381.0,-0.07867691665887833,690.0,351.0,-0.07676836103200912,982.0,525.0,-0.19136923551559448,684.0,493.0,-0.181099072098732,980.0,581.0,-0.22392387688159943,684.0,542.0,-0.2158821076154709,967.0,580.0,-0.26227301359176636,700.0,536.0,-0.25938600301742554,963.0,567.0,-0.20806674659252167,704.0,520.0,-0.19963616132736206,900.0,537.0,-0.006828551646322012,772.0,533.0,0.006821135524660349,904.0,770.0,-0.08206381648778915,780.0,755.0,0.10937703400850296,912.0,996.0,0.0521894246339798,808.0,901.0,0.4668329060077667,901.0,1025.0,0.0556546188890934,825.0,919.0,0.49682778120040894,933.0,1073.0,-0.10857460647821426,774.0,987.0,0.39311209321022034
39.0,1.9943745136260986,2.04046893119812,858.0,87.0,-0.40667393803596497,873.0,65.0,-0.39350414276123047,882.0,66.0,-0.3935394883155823,891.0,66.0,-0.3935646712779999,849.0,66.0,-0.3926623463630676,841.0,66.0,-0.3926769196987152,833.0,67.0,-0.3927145302295685,908.0,77.0,-0.2672988474369049,823.0,76.0,-0.2611258625984192,873.0,113.0,-0.3548016846179962,845.0,113.0,-0.3530251681804657,971.0,215.0,-0.16081979870796204,753.0,193.0,-0.1494755893945694,993.0,377.0,-0.1052347794175148,692.0,350.0,-0.08672570437192917,991.0,523.0,-0.23546624183654785,687.0,492.0,-0.19687435030937195,989.0,581.0,-0.2715926468372345,686.0,542.0,-0.23115363717079163,976.0,579.0,-0.309619277715683,701.0,536.0,-0.2725006639957428,971.0,565.0,-0.2523929178714752,706.0,520.0,-0.21485275030136108,905.0,540.0,-0.008509356528520584,775.0,534.0,0.008533277548849583,908.0,777.0,-0.0859910175204277,774.0,754.0,0.14615729451179504,912.0,1003.0,0.04845138639211655,809.0,889.0,0.5389758944511414,901.0,1029.0,0.05207385867834091,826.0,902.0,0.5724775195121765,932.0,1080.0,-0.11632400006055832,775.0,985.0,0.474427193403244
40.0,2.0520718097686768,2.0981550216674805,863.0,81.0,-0.40211886167526245,877.0,59.0,-0.38817113637924194,887.0,59.0,-0.3882053792476654,896.0,60.0,-0.3882311284542084,854.0,59.0,-0.38752999901771545,846.0,59.0,-0.38752511143684387,837.0,60.0,-0.38753822445869446,913.0,72.0,-0.2617790102958679,827.0,70.0,-0.256845623254776,877.0,107.0,-0.35023263096809387,849.0,107.0,-0.34890633821487427,977.0,210.0,-0.15894445776939392,756.0,189.0,-0.14544875919818878,1005.0,376.0,-0.10033375769853592,694.0,348.0,-0.08076901733875275,1006.0,524.0,-0.23064106702804565,690.0,492.0,-0.19308942556381226,1007.0,581.0,-0.2689191997051239,688.0,542.0,-0.22659331560134888,994.0,579.0,-0.3084444999694824,703.0,536.0,-0.26819735765457153,988.0,565.0,-0.24785076081752777,709.0,520.0,-0.21099473536014557,915.0,540.0,-0.011145160533487797,782.0,534.0,0.011211439967155457,911.0,778.0,-0.08205267041921616,770.0,751.0,0.1530216634273529,913.0,1002.0,0.06821679323911667,813.0,883.0,0.5340542197227478,903.0,1027.0,0.07353246212005615,832.0,898.0,0.5661493539810181,932.0,1084.0,-0.09010594338178635,775.0,985.0,0.46617215871810913
41.0,2.109196186065674,2.151684522628784,868.0,77.0,-0.41861727833747864,883.0,54.0,-0.4043608009815216,893.0,55.0,-0.4043886363506317,901.0,56.0,-0.40441372990608215,859.0,54.0,-0.4043382704257965,851.0,54.0,-0.4043211340904236,842.0,54.0,-0.4043141305446625,919.0,68.0,-0.27640849351882935,831.0,64.0,-0.2753033936023712,882.0,103.0,-0.36649399995803833,854.0,102.0,-0.36612334847450256,984.0,204.0,-0.17643333971500397,759.0,187.0,-0.15961037576198578,1013.0,373.0,-0.11868201941251755,697.0,346.0,-0.09522579610347748,1019.0,524.0,-0.24721159040927887,691.0,492.0,-0.20362573862075806,1019.0,581.0,-0.28584063053131104,689.0,542.0,-0.23769818246364594,1004.0,579.0,-0.32594460248947144,704.0,536.0,-0.2802702784538269,999.0,565.0,-0.2645187973976135,709.0,520.0,-0.22230680286884308,921.0,540.0,-0.010727236978709698,786.0,534.0,0.01079369243234396,912.0,776.0,-0.07240226119756699,770.0,748.0,0.16673380136489868,913.0,1000.0,0.07646360248327255,816.0,882.0,0.5384262204170227,903.0,1025.0,0.08156755566596985,835.0,900.0,0.5692917108535767,932.0,1082.0,-0.08160986006259918,776.0,984.0,0.46518710255622864
42.0,2.162236213684082,2.2068710327148438,874.0,69.0,-0.40278932452201843,889.0,46.0,-0.3853171169757843,899.0,47.0,-0.3853660821914673,907.0,48.0,-0.3853782117366791,864.0,45.0,-0.38702526688575745,856.0,45.0,-0.38697290420532227,847.0,46.0,-0.38692182302474976,925.0,62.0,-0.25685030221939087,834.0,58.0,-0.2611388564109802,888.0,97.0,-0.3508991599082947,859.0,96.0,-0.352210134267807,989.0,200.0,-0.1696312427520752,761.0,185.0,-0.14814642071723938,1021.0,369.0,-0.11947489529848099,698.0,345.0,-0.0940762311220169,1029.0,522.0,-0.26482561230659485,693.0,492.0,-0.20574326813220978,1031.0,581.0,-0.3079175651073456,689.0,542.0,-0.242367222905159,1016.0,579.0,-0.3474358022212982,704.0,536.0,-0.2858521640300751,1011.0,564.0,-0.2825262248516083,710.0,520.0,-0.2252676635980606,925.0,540.0,-0.015144559554755688,790.0,534.0,0.015243735164403915,912.0,778.0,-0.09004835039377213,767.0,748.0,0.17683735489845276,914.0,1005.0,0.04232543706893921,817.0,878.0,0.550177276134491,905.0,1027.0,0.04537928104400635,838.0,892.0,0.5815416574478149,930.0,1092.0,-0.11840429902076721,776.0,984.0,0.4900427758693695
43.0,2.216413974761963,2.2582709789276123,875.0,66.0,-0.40118080377578735,890.0,44.0,-0.384213924407959,899.0,44.0,-0.3842943012714386,908.0,45.0,-0.38431280851364136,866.0,43.0,-0.38521894812583923,857.0,43.0,-0.3851107358932495,848.0,43.0,-0.3850249946117401,928.0,59.0,-0.25294265151023865,836.0,54.0,-0.25307878851890564,889.0,94.0,-0.34998369216918945,859.0,93.0,-0.35031768679618835,993.0,200.0,-0.1662086695432663,764.0,183.0,-0.13866639137268066,1027.0,366.0,-0.11603210866451263,703.0,345.0,-0.07742425799369812,1039.0,519.0,-0.26247939467430115,695.0,492.0,-0.20050078630447388,1042.0,579.0,-0.3061522841453552,689.0,542.0,-0.2385018914937973,1027.0,575.0,-0.3475291430950165,704.0,536.0,-0.2784091830253601,1021.0,557.0,-0.28065451979637146,709.0,520.0,-0.22469162940979004,926.0,540.0,-0.01486122701317072,793.0,534.0,0.014957145787775517,911.0,779.0,-0.07714744657278061,768.0,748.0,0.16445623338222504,914.0,1006.0,0.06012143939733505,819.0,881.0,0.545518159866333,906.0,1029.0,0.0630561113357544,838.0,896.0,0.578097939491272,927.0,1094.0,-0.09143415093421936,778.0,989.0,0.4835048019886017
44.0,2.2667853832244873,2.308445692062378,875.0,62.0,-0.38933470845222473,891.0,41.0,-0.37039315700531006,900.0,42.0,-0.3704585134983063,910.0,44.0,-0.37048301100730896,866.0,40.0,-0.37205779552459717,857.0,40.0,-0.3719836473464966,848.0,40.0,-0.3719453811645508,929.0,58.0,-0.23845818638801575,837.0,51.0,-0.2432761937379837,890.0,90.0,-0.3370901644229889,860.0,89.0,-0.33899351954460144,997.0,200.0,-0.15064725279808044,765.0,184.0,-0.13827988505363464,1029.0,366.0,-0.09749660640954971,707.0,345.0,-0.07826146483421326,1049.0,519.0,-0.2523190677165985,696.0,493.0,-0.19882097840309143,1057.0,579.0,-0.28828153014183044,688.0,544.0,-0.2345113754272461,1043.0,575.0,-0.324553906917572,704.0,539.0,-0.2751079797744751,1037.0,556.0,-0.26598215103149414,709.0,523.0,-0.2207142859697342,931.0,540.0,-0.013281219638884068,795.0,534.0,0.013393685221672058,911.0,779.0,-0.06784112751483917,771.0,755.0,0.14822033047676086,914.0,1009.0,0.10512562096118927,822.0,894.0,0.5100211501121521,906.0,1034.0,0.11305520683526993,839.0,910.0,0.5411001443862915,921.0,1091.0,-0.04124337434768677,785.0,1006.0,0.4395293891429901
45.0,2.316967010498047,2.354626417160034,875.0,56.0,-0.3783707618713379,891.0,35.0,-0.3596106469631195,900.0,36.0,-0.35965442657470703,910.0,38.0,-0.359669953584671,866.0,34.0,-0.35942980647087097,857.0,34.0,-0.3593839406967163,848.0,35.0,-0.35935837030410767,929.0,53.0,-0.23146198689937592,838.0,47.0,-0.22963707149028778,891.0,84.0,-0.3280600905418396,860.0,84.0,-0.3277921974658966,1003.0,199.0,-0.14752162992954254,767.0,185.0,-0.12599290907382965,1037.0,365.0,-0.09313274174928665,710.0,347.0,-0.060723677277565,1063.0,518.0,-0.2424241006374359,696.0,494.0,-0.17328447103500366,1077.0,579.0,-0.2773337960243225,688.0,546.0,-0.20903566479682922,1060.0,575.0,-0.31602880358695984,704.0,540.0,-0.25330424308776855,1053.0,556.0,-0.2565588057041168,709.0,525.0,-0.19463755190372467,934.0,540.0,-0.01291657704859972,797.0,534.0,0.012999463826417923,910.0,782.0,-0.03287417069077492,776.0,758.0,0.11817733943462372,914.0,1007.0,0.1773548126220703,825.0,926.0,0.42877379059791565,907.0,1032.0,0.1885504424571991,840.0,945.0,0.4523483216762543,921.0,1089.0,0.03491272032260895,790.0,1033.0,0.32995349168777466
46.0,2.363189458847046,2.4038033485412598,874.0,55.0,-0.3970862925052643,890.0,34.0,-0.37869566679000854,899.0,34.0,-0.3787100613117218,909.0,35.0,-0.37869992852211,864.0,33.0,-0.37728798389434814,855.0,33.0,-0.37727662920951843,847.0,34.0,-0.37726789712905884,929.0,50.0,-0.24872128665447235,838.0,46.0,-0.24256756901741028,891.0,82.0,-0.3467024564743042,859.0,83.0,-0.34512409567832947,1005.0,199.0,-0.16216973960399628,767.0,186.0,-0.12934260070323944,1042.0,362.0,-0.10728665441274643,711.0,349.0,-0.06610825657844543,1073.0,513.0,-0.2461227923631668,699.0,496.0,-0.17489534616470337,1093.0,573.0,-0.28303810954093933,689.0,548.0,-0.20885498821735382,1077.0,570.0,-0.3260190784931183,704.0,544.0,-0.253033846616745,1067.0,550.0,-0.2643277049064636,710.0,528.0,-0.19541271030902863,940.0,538.0,-0.012753182090818882,800.0,534.0,0.012798815965652466,910.0,781.0,-0.00798019114881754,779.0,757.0,0.004844742827117443,913.0,1007.0,0.2027883678674698,825.0,965.0,0.23887228965759277,907.0,1035.0,0.21314293146133423,839.0,995.0,0.252954363822937,921.0,1090.0,0.05858435854315758,795.0,1062.0,0.11141109466552734
47.0,2.4133481979370117,2.451565742492676,875.0,50.0,-0.38951337337493896,892.0,29.0,-0.36956900358200073,901.0,30.0,-0.36958590149879456,911.0,31.0,-0.3695630133152008,864.0,29.0,-0.3694744408130646,855.0,29.0,-0.36947891116142273,847.0,30.0,-0.3694799840450287,929.0,47.0,-0.23723925650119781,838.0,44.0,-0.23787063360214233,893.0,78.0,-0.3383285403251648,860.0,79.0,-0.3387300372123718,1006.0,197.0,-0.14589647948741913,767.0,186.0,-0.13083483278751373,1043.0,359.0,-0.08307445049285889,713.0,349.0,-0.06888245046138763,1080.0,507.0,-0.2121066004037857,701.0,497.0,-0.1765574961900711,1102.0,561.0,-0.24666592478752136,692.0,550.0,-0.2100842446088791,1087.0,560.0,-0.29261741042137146,706.0,545.0,-0.2540397346019745,1077.0,540.0,-0.2322813719511032,713.0,530.0,-0.19670727849006653,944.0,536.0,-0.009312073700129986,803.0,533.0,0.009321841411292553,912.0,779.0,0.00936681218445301,783.0,757.0,-0.013746263459324837,913.0,1011.0,0.17700931429862976,825.0,984.0,0.17628148198127747,904.0,1039.0,0.18296745419502258,839.0,1016.0,0.18477562069892883,922.0,1095.0,0.02715359441936016,798.0,1078.0,0.03349480777978897
48.0,2.4611196517944336,2.5018012523651123,876.0,47.0,-0.3888164758682251,893.0,26.0,-0.3679697811603546,902.0,27.0,-0.3679977059364319,912.0,28.0,-0.3679716885089874,865.0,25.0,-0.3678528666496277,855.0,25.0,-0.36787453293800354,847.0,26.0,-0.36788874864578247,931.0,45.0,-0.23178863525390625,838.0,42.0,-0.23258084058761597,895.0,76.0,-0.3362315595149994,861.0,76.0,-0.33676037192344666,1007.0,195.0,-0.13559645414352417,767.0,187.0,-0.12632988393306732,1046.0,356.0,-0.08309104293584824,713.0,353.0,-0.062268614768981934,1089.0,503.0,-0.22490862011909485,702.0,500.0,-0.17543846368789673,1112.0,551.0,-0.26354652643203735,693.0,553.0,-0.20997077226638794,1096.0,549.0,-0.30993834137916565,708.0,549.0,-0.25379595160484314,1085.0,531.0,-0.24605220556259155,715.0,533.0,-0.1954839825630188,946.0,537.0,-0.005103238858282566,804.0,534.0,0.00514468876644969,914.0,778.0,0.040154341608285904,791.0,764.0,-0.05510248616337776,912.0,1011.0,0.2427380084991455,827.0,1011.0,0.1214163526892662,902.0,1038.0,0.25265222787857056,839.0,1036.0,0.12859748303890228,923.0,1098.0,0.09368795901536942,810.0,1117.0,-0.04524017497897148
49.0,2.5133397579193115,2.552837610244751,877.0,46.0,-0.36744749546051025,895.0,25.0,-0.3481205999851227,903.0,26.0,-0.34814608097076416,913.0,28.0,-0.3481124937534332,865.0,24.0,-0.34878379106521606,855.0,24.0,-0.34879687428474426,847.0,25.0,-0.34881600737571716,932.0,45.0,-0.21825248003005981,838.0,41.0,-0.22304317355155945,896.0,77.0,-0.3176136314868927,861.0,76.0,-0.319088876247406,1009.0,193.0,-0.12476994842290878,767.0,188.0,-0.12458132207393646,1050.0,351.0,-0.061507437378168106,712.0,356.0,-0.06500972807407379,1096.0,495.0,-0.18725328147411346,704.0,504.0,-0.17623765766620636,1117.0,541.0,-0.2218455970287323,698.0,557.0,-0.21026109158992767,1103.0,537.0,-0.2639479339122772,712.0,552.0,-0.2518736720085144,1092.0,520.0,-0.20601621270179749,719.0,537.0,-0.19540128111839294,951.0,540.0,-0.0006838649860583246,807.0,537.0,0.0006953119882382452,917.0,781.0,0.04415929690003395,806.0,772.0,-0.030085979029536247,911.0,1015.0,0.21001242101192474,827.0,1016.0,0.1321287602186203,899.0,1040.0,0.21636684238910675,836.0,1042.0,0.1386965960264206,924.0,1107.0,0.06081872433423996,821.0,1097.0,-0.02418467029929161
50.0,2.5633888244628906,2.6096158027648926,877.0,44.0,-0.30799776315689087,895.0,23.0,-0.2881012260913849,904.0,25.0,-0.2881647050380707,914.0,26.0,-0.28814995288848877,865.0,22.0,-0.28895530104637146,855.0,23.0,-0.2889680862426758,847.0,23.0,-0.28900858759880066,932.0,43.0,-0.15944069623947144,837.0,40.0,-0.1660097986459732,897.0,75.0,-0.2593374252319336,861.0,75.0,-0.26097819209098816,1009.0,191.0,-0.06992962211370468,766.0,188.0,-0.08955075591802597,1055.0,349.0,-0.024375339969992638,712.0,360.0,-0.054073844105005264,1101.0,490.0,-0.18087312579154968,707.0,514.0,-0.1751640886068344,1123.0,535.0,-0.22228573262691498,700.0,566.0,-0.21069326996803284,1109.0,532.0,-0.26543131470680237,716.0,563.0,-0.25179263949394226,1098.0,515.0,-0.20094186067581177,722.0,548.0,-0.19376717507839203,954.0,548.0,0.009109734557569027,812.0,546.0,-0.009022828191518784,920.0,793.0,0.07756078988313675,813.0,796.0,-0.03278080374002457,908.0,1013.0,0.25934937596321106,824.0,1042.0,0.10221787542104721,891.0,1039.0,0.26831474900245667,830.0,1060.0,0.1062634289264679,924.0,1105.0,0.1299753338098526,823.0,1144.0,-0.05832729861140251
51.0,2.621192693710327,2.66984486579895,877.0,45.0,-0.2765798568725586,894.0,23.0,-0.25760287046432495,904.0,24.0,-0.2576710283756256,913.0,25.0,-0.2576631009578705,865.0,23.0,-0.25803080201148987,855.0,23.0,-0.25802895426750183,847.0,24.0,-0.2580832839012146,932.0,42.0,-0.13093481957912445,837.0,40.0,-0.13523684442043304,897.0,76.0,-0.22828422486782074,861.0,76.0,-0.2291737198829651,1010.0,190.0,-0.037990231066942215,766.0,188.0,-0.06551563739776611,1059.0,349.0,-0.002414815593510866,712.0,365.0,-0.03411795571446419,1101.0,481.0,-0.1849542111158371,707.0,530.0,-0.16039197146892548,1123.0,527.0,-0.22964268922805786,702.0,579.0,-0.19880510866641998,1109.0,524.0,-0.2718490958213806,720.0,576.0,-0.23710615932941437,1098.0,508.0,-0.20513729751110077,725.0,562.0,-0.17736083269119263,957.0,556.0,0.012090014293789864,815.0,555.0,-0.011992250569164753,924.0,802.0,0.07059355825185776,819.0,815.0,-0.016893865540623665,907.0,1014.0,0.28838667273521423,821.0,1043.0,0.14750318229198456,890.0,1038.0,0.3018124997615814,826.0,1053.0,0.15568900108337402,924.0,1105.0,0.16688312590122223,824.0,1162.0,-0.003960633184760809
52.0,2.6859264373779297,2.734773874282837,876.0,45.0,-0.2778076231479645,894.0,22.0,-0.25830385088920593,903.0,23.0,-0.25836890935897827,913.0,24.0,-0.2583688199520111,864.0,22.0,-0.25930917263031006,854.0,23.0,-0.25930750370025635,845.0,24.0,-0.2593647539615631,931.0,41.0,-0.1308755725622177,837.0,41.0,-0.13818985223770142,897.0,76.0,-0.22944745421409607,860.0,76.0,-0.23119649291038513,1010.0,190.0,-0.03555644676089287,766.0,190.0,-0.07146894931793213,1060.0,349.0,0.027169687673449516,711.0,370.0,-0.04146609455347061,1103.0,481.0,-0.1204746812582016,708.0,535.0,-0.1621188074350357,1122.0,526.0,-0.16030894219875336,703.0,586.0,-0.19952383637428284,1110.0,523.0,-0.20300228893756866,721.0,583.0,-0.23743174970149994,1100.0,507.0,-0.14009857177734375,726.0,570.0,-0.1790657490491867,957.0,561.0,0.01758788898587227,816.0,561.0,-0.017506318166851997,928.0,805.0,0.07669319212436676,823.0,823.0,-0.019440339878201485,906.0,1015.0,0.29414844512939453,820.0,1044.0,0.14479711651802063,890.0,1037.0,0.3073880970478058,825.0,1052.0,0.1530601680278778,926.0,1103.0,0.1729632169008255,828.0,1166.0,-0.006437359843403101
53.0,2.744433879852295,2.782517433166504,876.0,44.0,-0.29616859555244446,893.0,21.0,-0.276334285736084,903.0,22.0,-0.27640634775161743,912.0,23.0,-0.2764071822166443,863.0,21.0,-0.2768348753452301,853.0,22.0,-0.2768440842628479,844.0,24.0,-0.27690640091896057,931.0,40.0,-0.14384154975414276,835.0,40.0,-0.14844006299972534,897.0,75.0,-0.24587932229042053,860.0,76.0,-0.2468535602092743,1010.0,191.0,-0.044574618339538574,765.0,191.0,-0.07704723626375198,1062.0,350.0,0.005831155460327864,711.0,374.0,-0.04276811331510544,1102.0,480.0,-0.15788863599300385,708.0,542.0,-0.16367249190807343,1122.0,525.0,-0.19793550670146942,704.0,593.0,-0.20137405395507812,1109.0,522.0,-0.24023212492465973,721.0,592.0,-0.24017824232578278,1099.0,507.0,-0.17750681936740875,727.0,578.0,-0.18103982508182526,959.0,569.0,0.01857941970229149,816.0,568.0,-0.018490472808480263,932.0,814.0,0.08077520877122879,825.0,832.0,-0.013129918836057186,906.0,1018.0,0.3273175060749054,819.0,1049.0,0.17209358513355255,889.0,1038.0,0.34364956617355347,824.0,1057.0,0.18241964280605316,927.0,1101.0,0.2079506516456604,829.0,1171.0,0.01887764409184456
54.0,2.792550563812256,2.8317155838012695,876.0,45.0,-0.28224197030067444,893.0,22.0,-0.26239389181137085,902.0,22.0,-0.2624719738960266,912.0,24.0,-0.26246726512908936,862.0,22.0,-0.26208746433258057,852.0,23.0,-0.2620873749256134,843.0,24.0,-0.26215431094169617,930.0,41.0,-0.13327936828136444,835.0,41.0,-0.13341876864433289,896.0,76.0,-0.2334509789943695,859.0,76.0,-0.23318256437778473,1010.0,191.0,-0.04684023559093475,765.0,195.0,-0.05644167587161064,1064.0,353.0,-0.013276573270559311,709.0,378.0,-0.01024854090064764,1103.0,482.0,-0.20305082201957703,708.0,547.0,-0.12704190611839294,1120.0,528.0,-0.2533110976219177,703.0,600.0,-0.16247954964637756,1107.0,524.0,-0.2935115098953247,721.0,600.0,-0.2041967213153839,1097.0,508.0,-0.2229182869195938,726.0,585.0,-0.14525550603866577,959.0,571.0,0.017540864646434784,816.0,572.0,-0.017336411401629448,934.0,817.0,0.06403767317533493,824.0,837.0,-0.00847406592220068,905.0,1029.0,0.28285646438598633,819.0,1056.0,0.17378392815589905,889.0,1045.0,0.29704752564430237,824.0,1063.0,0.1833111196756363,916.0,1128.0,0.1562231034040451,827.0,1172.0,0.02002275176346302
55.0,2.843271017074585,2.9115684032440186,875.0,45.0,-0.3105371594429016,893.0,22.0,-0.28853264451026917,902.0,22.0,-0.28864991664886475,912.0,23.0,-0.28866147994995117,861.0,22.0,-0.28893008828163147,851.0,23.0,-0.289002925157547,841.0,24.0,-0.28916701674461365,930.0,40.0,-0.13520313799381256,834.0,40.0,-0.13686397671699524,896.0,76.0,-0.2554960548877716,858.0,77.0,-0.2559283971786499,1012.0,192.0,-0.05670493468642235,762.0,195.0,-0.06454320251941681,1065.0,356.0,-0.040516238659620285,707.0,383.0,-0.023245058953762054,1099.0,484.0,-0.24655842781066895,707.0,557.0,-0.13420799374580383,1116.0,530.0,-0.2976534962654114,700.0,609.0,-0.16939258575439453,1103.0,525.0,-0.3380677103996277,720.0,610.0,-0.21003752946853638,1093.0,510.0,-0.26655736565589905,725.0,594.0,-0.15009422600269318,959.0,574.0,0.012985406443476677,815.0,575.0,-0.01272417139261961,937.0,821.0,0.05550210177898407,822.0,838.0,-0.0049566105008125305,905.0,1032.0,0.3130943477153778,819.0,1059.0,0.1914549469947815,889.0,1046.0,0.3317164182662964,824.0,1066.0,0.20260052382946014,912.0,1141.0,0.1897861808538437,825.0,1179.0,0.039275769144296646
56.0,2.9316108226776123,2.976712703704834,875.0,37.0,-0.3017772436141968,893.0,14.0,-0.27940043807029724,902.0,15.0,-0.27949580550193787,912.0,16.0,-0.2795030474662781,861.0,14.0,-0.28185462951660156,851.0,15.0,-0.28188738226890564,840.0,16.0,-0.2819882333278656,930.0,33.0,-0.13820181787014008,831.0,35.0,-0.14982537925243378,897.0,69.0,-0.24905309081077576,859.0,70.0,-0.2523425817489624,1012.0,189.0,-0.053376927971839905,758.0,195.0,-0.07272855192422867,1064.0,354.0,-0.023869330063462257,704.0,381.0,-0.03160131350159645,1097.0,486.0,-0.24347235262393951,705.0,554.0,-0.14431186020374298,1114.0,533.0,-0.27741533517837524,697.0,609.0,-0.17998923361301422,1101.0,526.0,-0.31927669048309326,718.0,608.0,-0.21683472394943237,1091.0,510.0,-0.26195231080055237,724.0,592.0,-0.1602053940296173,960.0,573.0,0.011709135957062244,815.0,573.0,-0.011492395773530006,940.0,821.0,0.050726789981126785,820.0,835.0,-0.030412806198000908,905.0,1037.0,0.2838766872882843,820.0,1058.0,0.14064857363700867,889.0,1054.0,0.29844343662261963,825.0,1068.0,0.1483130007982254,912.0,1133.0,0.15525966882705688,824.0,1177.0,-0.021754173561930656
57.0,2.9879016876220703,3.0454933643341064,874.0,32.0,-0.3284183740615845,892.0,7.0,-0.30721426010131836,902.0,8.0,-0.3073117136955261,912.0,9.0,-0.30736055970191956,859.0,7.0,-0.3103843927383423,848.0,8.0,-0.31043052673339844,838.0,9.0,-0.31053924560546875,930.0,23.0,-0.15287260711193085,827.0,24.0,-0.17595741152763367,897.0,64.0,-0.27066224813461304,857.0,65.0,-0.27583062648773193,1013.0,181.0,-0.06210904195904732,754.0,184.0,-0.09223003685474396,1067.0,352.0,0.0053572142496705055,700.0,374.0,-0.04946312680840492,1097.0,494.0,-0.15172290802001953,702.0,551.0,-0.17164570093154907,1108.0,544.0,-0.19456389546394348,692.0,607.0,-0.20908625423908234,1094.0,534.0,-0.2395893782377243,715.0,606.0,-0.2549600899219513,1085.0,517.0,-0.17148496210575104,722.0,589.0,-0.19151276350021362,963.0,571.0,0.015418456867337227,815.0,571.0,-0.015225261449813843,941.0,829.0,0.05033958703279495,819.0,841.0,-0.034043651074171066,905.0,1035.0,0.32097235321998596,820.0,1059.0,0.16879428923130035,889.0,1053.0,0.3412456512451172,827.0,1068.0,0.1796344369649887,920.0,1130.0,0.205656960606575,828.0,1186.0,0.012478973716497421
58.0,3.0550570487976074,3.092517614364624,868.0,24.0,-0.3498539924621582,886.0,-2.0,-0.3306773900985718,897.0,-2.0,-0.3307689130306244,908.0,-1.0,-0.33084186911582947,852.0,-2.0,-0.33201539516448975,842.0,-1.0,-0.3320520520210266,833.0,0.0,-0.3321633040904999,926.0,12.0,-0.18347090482711792,823.0,14.0,-0.19519998133182526,893.0,55.0,-0.2926848828792572,853.0,56.0,-0.29536232352256775,1013.0,170.0,-0.06704621016979218,749.0,173.0,-0.10856037586927414,1065.0,348.0,0.00769253633916378,694.0,370.0,-0.06069974601268768,1092.0,499.0,-0.1363484263420105,696.0,549.0,-0.1810636967420578,1099.0,553.0,-0.17957335710525513,685.0,606.0,-0.2194434553384781,1085.0,544.0,-0.22512845695018768,710.0,605.0,-0.2657873332500458,1076.0,526.0,-0.15605977177619934,717.0,589.0,-0.20140735805034637,963.0,568.0,0.01814376935362816,814.0,571.0,-0.01797870546579361,942.0,835.0,0.04334801435470581,816.0,840.0,-0.027561819180846214,905.0,1033.0,0.35775524377822876,820.0,1059.0,0.21345502138137817,888.0,1051.0,0.3834238052368164,826.0,1064.0,0.2318435162305832,926.0,1127.0,0.2525334358215332,833.0,1198.0,0.05751108378171921
59.0,3.1020567417144775,3.1471776962280273,864.0,16.0,-0.3771941363811493,879.0,-6.0,-0.3600558936595917,890.0,-5.0,-0.3601318299770355,901.0,-4.0,-0.36021295189857483,849.0,-6.0,-0.36004653573036194,840.0,-5.0,-0.3600957989692688,831.0,-4.0,-0.36021777987480164,918.0,8.0,-0.21662046015262604,821.0,7.0,-0.21963001787662506,885.0,43.0,-0.3198016583919525,848.0,43.0,-0.32049527764320374,1013.0,159.0,-0.09297753870487213,743.0,162.0,-0.1278599351644516,1065.0,348.0,-0.003032408421859145,688.0,362.0,-0.07424222677946091,1086.0,510.0,-0.14433202147483826,691.0,548.0,-0.1883707493543625,1090.0,571.0,-0.18607744574546814,681.0,605.0,-0.22767068445682526,1074.0,563.0,-0.23316283524036407,705.0,604.0,-0.27392345666885376,1066.0,543.0,-0.16436928510665894,713.0,587.0,-0.2087196707725525,963.0,563.0,0.017381511628627777,812.0,569.0,-0.017240315675735474,944.0,835.0,0.04047343507409096,812.0,842.0,-0.02661450020968914,905.0,1033.0,0.37134939432144165,820.0,1065.0,0.22508685290813446,889.0,1050.0,0.3980971872806549,826.0,1068.0,0.24370048940181732,933.0,1150.0,0.26112374663352966,832.0,1208.0,0.06653058528900146
60.0,3.1622371673583984,3.2038559913635254,860.0,-4.0,-0.3911563456058502,875.0,-21.0,-0.3737005591392517,885.0,-19.0,-0.3737572431564331,896.0,-16.0,-0.37384235858917236,846.0,-21.0,-0.37268903851509094,837.0,-19.0,-0.3727291226387024,828.0,-17.0,-0.372829407453537,912.0,0.0,-0.23342594504356384,818.0,-2.0,-0.23170724511146545,879.0,22.0,-0.3355616629123688,845.0,22.0,-0.33488157391548157,1013.0,144.0,-0.11853397637605667,737.0,149.0,-0.1416943371295929,1064.0,344.0,-0.02495543844997883,678.0,350.0,-0.08784545212984085,1081.0,513.0,-0.15578502416610718,684.0,545.0,-0.1942266970872879,1086.0,577.0,-0.19843219220638275,674.0,604.0,-0.2336021214723587,1067.0,569.0,-0.23699046671390533,701.0,603.0,-0.27976179122924805,1058.0,549.0,-0.1750064343214035,708.0,586.0,-0.21477490663528442,963.0,549.0,0.016698412597179413,807.0,562.0,-0.016567861661314964,952.0,834.0,0.032342396676540375,807.0,846.0,-0.0232692863792181,905.0,1032.0,0.3959466814994812,821.0,1063.0,0.2527293264865875,889.0,1046.0,0.42615029215812683,828.0,1067.0,0.27338695526123047,945.0,1148.0,0.2939480245113373,831.0,1204.0,0.09795539826154709
61.0,3.215395927429199,3.2575385570526123,851.0,-15.0,-0.410889208316803,865.0,-32.0,-0.3941347002983093,876.0,-30.0,-0.3942117393016815,887.0,-27.0,-0.39434272050857544,838.0,-34.0,-0.390962153673172,830.0,-33.0,-0.39101260900497437,822.0,-31.0,-0.3911416232585907,904.0,-11.0,-0.251552551984787,813.0,-14.0,-0.23950324952602386,871.0,12.0,-0.3537481129169464,839.0,12.0,-0.35012534260749817,1010.0,132.0,-0.13383057713508606,729.0,137.0,-0.14429467916488647,1062.0,339.0,-0.04328667372465134,669.0,343.0,-0.08718439936637878,1074.0,514.0,-0.16828526556491852,677.0,542.0,-0.1952294260263443,1082.0,580.0,-0.213693305850029,670.0,603.0,-0.23691526055335999,1061.0,574.0,-0.2625808119773865,697.0,601.0,-0.28219348192214966,1051.0,554.0,-0.18958090245723724,703.0,581.0,-0.2157367616891861,963.0,542.0,0.016072826460003853,800.0,557.0,-0.015945976600050926,958.0,831.0,0.009072409011423588,806.0,851.0,-0.01930086500942707,907.0,1028.0,0.42665958404541016,824.0,1062.0,0.3168726861476898,890.0,1041.0,0.46320778131484985,831.0,1067.0,0.34384217858314514,956.0,1149.0,0.33130118250846863,831.0,1207.0,0.16671352088451385
62.0,3.2705891132354736,3.321502447128296,847.0,-38.0,-0.38735103607177734,861.0,-53.0,-0.36923936009407043,871.0,-49.0,-0.3693111538887024,882.0,-45.0,-0.3693946897983551,835.0,-56.0,-0.3679249882698059,827.0,-54.0,-0.36796265840530396,820.0,-52.0,-0.36806052923202515,897.0,-24.0,-0.23086155951023102,810.0,-31.0,-0.22313670814037323,867.0,-5.0,-0.33203938603401184,836.0,-5.0,-0.33071690797805786,1008.0,123.0,-0.11950711905956268,722.0,128.0,-0.14395388960838318,1057.0,336.0,-0.0433175191283226,659.0,331.0,-0.08083265274763107,1069.0,515.0,-0.2000473439693451,666.0,535.0,-0.19326049089431763,1079.0,581.0,-0.25141698122024536,661.0,595.0,-0.23747700452804565,1058.0,575.0,-0.30377820134162903,690.0,591.0,-0.2843489646911621,1047.0,555.0,-0.22357799112796783,696.0,570.0,-0.21465757489204407,964.0,539.0,0.01565457507967949,795.0,555.0,-0.01552623976022005,966.0,830.0,0.01723858155310154,806.0,857.0,-0.027067871764302254,911.0,1026.0,0.4574533998966217,824.0,1078.0,0.27628985047340393,894.0,1039.0,0.49352675676345825,832.0,1082.0,0.29415008425712585,959.0,1147.0,0.3627660572528839,829.0,1223.0,0.1321011334657669
63.0,3.3290956020355225,3.3668763637542725,847.0,-62.0,-0.35833513736724854,859.0,-74.0,-0.3360162675380707,869.0,-69.0,-0.33612796664237976,879.0,-65.0,-0.3362768888473511,834.0,-77.0,-0.3309410512447357,826.0,-74.0,-0.33097779750823975,818.0,-71.0,-0.3311767578125,893.0,-40.0,-0.18919692933559418,807.0,-44.0,-0.16765962541103363,865.0,-27.0,-0.30129268765449524,835.0,-25.0,-0.29489654302597046,1008.0,115.0,-0.09483740478754044,716.0,121.0,-0.08844664692878723,1056.0,330.0,-0.034532222896814346,653.0,321.0,-0.03483467921614647,1068.0,515.0,-0.19990167021751404,656.0,521.0,-0.1621607095003128,1080.0,579.0,-0.25268009305000305,651.0,584.0,-0.2116485983133316,1059.0,573.0,-0.3038201630115509,680.0,576.0,-0.2613304853439331,1048.0,552.0,-0.22321882843971252,687.0,554.0,-0.18541643023490906,964.0,538.0,0.011283093132078648,790.0,555.0,-0.011122135445475578,982.0,829.0,-0.007542257197201252,806.0,875.0,-0.03605670481920242,916.0,1009.0,0.5162027478218079,826.0,1087.0,0.284534752368927,896.0,1022.0,0.5639881491661072,843.0,1148.0,0.3088532090187073,957.0,1156.0,0.44036245346069336,823.0,1243.0,0.12242983281612396
64.0,3.3764350414276123,3.414398193359375,848.0,-65.0,-0.43742263317108154,860.0,-77.0,-0.41655775904655457,870.0,-74.0,-0.41661182045936584,879.0,-76.0,-0.4167264699935913,835.0,-79.0,-0.41548314690589905,827.0,-77.0,-0.41553422808647156,819.0,-74.0,-0.4156879782676697,895.0,-61.0,-0.2571374475955963,807.0,-52.0,-0.25279802083969116,865.0,-29.0,-0.3741937279701233,836.0,-30.0,-0.37307676672935486,1007.0,108.0,-0.12923847138881683,712.0,112.0,-0.14617356657981873,1056.0,322.0,-0.03244977444410324,648.0,312.0,-0.06605888903141022,1068.0,514.0,-0.18369384109973907,652.0,511.0,-0.1869862824678421,1080.0,578.0,-0.23147600889205933,647.0,574.0,-0.2330295741558075,1059.0,571.0,-0.2900872528553009,675.0,566.0,-0.28610023856163025,1049.0,551.0,-0.20856836438179016,682.0,545.0,-0.21106575429439545,963.0,529.0,0.011279850266873837,787.0,549.0,-0.011118295602500439,999.0,823.0,-0.06392218917608261,805.0,876.0,-0.0575161911547184,921.0,1001.0,0.4603380560874939,827.0,1084.0,0.2774263024330139,897.0,1011.0,0.5058130025863647,851.0,1147.0,0.30274438858032227,960.0,1153.0,0.3830650746822357,822.0,1239.0,0.11759762465953827
65.0,3.4229068756103516,3.460292100906372,849.0,-73.0,-0.4380645751953125,861.0,-87.0,-0.41633516550064087,871.0,-90.0,-0.4163922667503357,880.0,-91.0,-0.41649386286735535,835.0,-88.0,-0.4166138470172882,827.0,-86.0,-0.41667282581329346,819.0,-85.0,-0.4168151319026947,896.0,-77.0,-0.25536489486694336,807.0,-64.0,-0.2583298981189728,866.0,-35.0,-0.3746199309825897,836.0,-38.0,-0.37552282214164734,1006.0,103.0,-0.12522828578948975,706.0,104.0,-0.1559871882200241,1056.0,316.0,-0.017400478944182396,644.0,303.0,-0.07738570868968964,1070.0,507.0,-0.16995841264724731,646.0,501.0,-0.20328310132026672,1083.0,575.0,-0.21731843054294586,639.0,562.0,-0.24930457770824432,1061.0,567.0,-0.27503135800361633,666.0,555.0,-0.3029829263687134,1050.0,545.0,-0.19476529955863953,675.0,536.0,-0.22723449766635895,961.0,522.0,0.013068855740129948,780.0,543.0,-0.012915258295834064,1005.0,813.0,-0.0546589232981205,805.0,873.0,-0.0639849454164505,924.0,998.0,0.4625137150287628,827.0,1083.0,0.3065670132637024,896.0,1011.0,0.5086079835891724,850.0,1135.0,0.33742573857307434,966.0,1151.0,0.3903384506702423,822.0,1232.0,0.16036826372146606
